{
    "cl_decay_epochs": 3,
    "use_curriculum_learning": true,
    "num_hidden": 32,
    "node_dim": 10,
    "forecast_dim": 256,
    "output_hidden": 512,
    "k_s": 2,
    "k_t": 3,
    "num_layers": 5,
    "time_emd_dim": 10,
    "gap": 3,
    "use_pre": false,
    "dy_graph": true,
    "sta_graph": true,
  
    "scaler": "standard",
    "load_external": true,
    "normal_external": false,
    "ext_scaler": "none",
    "add_time_in_day": true,
    "add_day_in_week": true,
  
    "max_epoch": 100,
    "batch_size": 32,
    "learner": "adam",
    "learning_rate": 0.002,
    "weight_decay": 1e-5,
    "lr_epsilon": 1e-8,
    "lr_decay": true,
    "lr_scheduler": "multisteplr",
    "lr_decay_ratio": 0.5,
    "steps": [1, 30, 38, 46, 54, 62, 70, 80],
    "clip_grad_norm": true,
    "max_grad_norm": 5,
    "use_early_stop": true,
    "patience": 30
}