{
  "line_order": 2,
  "line_negsamplesize": 5,
  "line_dimension": 32,
  "line_batchsize": 5,
  "line_epochs": 2,
  "line_learning_rate": 0.025,
  "line_negativepower": 0.75,
  "semantic_dim": 6,

  "scaler": "minmax01",
  "load_external": true,
  "normal_external": false,
  "ext_scaler": "none",
  "add_time_in_day": true,
  "add_day_in_week": false,
  "use_row_column": true,

  "max_epoch": 100,
  "learner": "adam",
  "learning_rate": 0.001,
  "weight_decay": 1e-6,
  "lr_beta1": 0.9,
  "lr_beta2": 0.999,
  "lr_decay": false,
  "clip_grad_norm": false,
  "use_early_stop": true,
  "patience": 50
}
