{
    "traj_loc_pred": {
        "allowed_model": ["DeepMove", "RNN", "LSTM", "GRU", "FPMC", "LSTPM", "STRNN", "SERM", "TemplateTLP", "ATSTLSTM", "HSTLSTM", "STAN", "CARA", "GeoSAN"],
        "allowed_dataset": ["foursquare_tky", "foursquare_nyc", "gowalla", "foursquare_serm"],
        "GeoSAN": {
            "dataset_class": "GeoSANDataset",
            "executor": "GeoSANExecutor",
            "evaluator": "GeoSANEvaluator",
            "traj_encoder": "StandardTrajectoryEncoder"
        },
        "DeepMove": {
            "dataset_class": "TrajectoryDataset",
            "executor": "TrajLocPredExecutor",
            "evaluator": "TrajLocPredEvaluator",
            "traj_encoder": "StandardTrajectoryEncoder"
        },
        "RNN": {
            "dataset_class": "TrajectoryDataset",
            "executor": "TrajLocPredExecutor",
            "evaluator": "TrajLocPredEvaluator",
            "traj_encoder": "StandardTrajectoryEncoder"
        },
        "LSTM": {
            "dataset_class": "TrajectoryDataset",
            "executor": "TrajLocPredExecutor",
            "evaluator": "TrajLocPredEvaluator",
            "traj_encoder": "StandardTrajectoryEncoder"
        },
        "GRU": {
            "dataset_class": "TrajectoryDataset",
            "executor": "TrajLocPredExecutor",
            "evaluator": "TrajLocPredEvaluator",
            "traj_encoder": "StandardTrajectoryEncoder"
        },
        "FPMC": {
            "dataset_class": "TrajectoryDataset",
            "executor": "TrajLocPredExecutor",
            "evaluator": "TrajLocPredEvaluator",
            "traj_encoder": "StandardTrajectoryEncoder"
        },
        "LSTPM": {
            "dataset_class": "TrajectoryDataset",
            "executor": "TrajLocPredExecutor",
            "evaluator": "TrajLocPredEvaluator",
            "traj_encoder": "LstpmEncoder"
        },
        "STRNN": {
            "dataset_class": "TrajectoryDataset",
            "executor": "TrajLocPredExecutor",
            "evaluator": "TrajLocPredEvaluator",
            "traj_encoder": "StrnnEncoder"
        },
        "SERM": {
            "dataset_class": "TrajectoryDataset",
            "executor": "TrajLocPredExecutor",
            "evaluator": "TrajLocPredEvaluator",
            "traj_encoder": "SermEncoder"
        },
        "STAN": {
            "dataset_class": "TrajectoryDataset",
            "executor": "TrajLocPredExecutor",
            "evaluator": "TrajLocPredEvaluator",
            "traj_encoder": "StanEncoder"
        },
        "ATSTLSTM": {
            "dataset_class": "PBSTrajectoryDataset",
            "executor": "TrajLocPredExecutor",
            "evaluator": "TrajLocPredEvaluator",
            "traj_encoder": "AtstlstmEncoder"
        },
        "HSTLSTM": {
            "dataset_class": "TrajectoryDataset",
            "executor": "TrajLocPredExecutor",
            "evaluator": "TrajLocPredEvaluator",
            "traj_encoder": "HstlstmEncoder"
        },
        "CARA": {
            "dataset_class": "TrajectoryDataset",
            "executor": "TrajLocPredExecutor",
            "evaluator": "CARALocPredEvaluator",
            "traj_encoder": "CARATrajectoryEncoder"
        }
    },
    "traffic_state_pred": {
        "allowed_model": [
            "DCRNN", "STGCN", "GWNET", "AGCRN", "TGCLSTM", "TGCN", "TemplateTSP",
            "ASTGCN", "MSTGCN", "MTGNN", "ACFM", "STResNet", "RNN", "LSTM", "GRU", "AutoEncoder", "Seq2Seq",
            "STResNetCommon", "ACFMCommon", "ASTGCNCommon", "MSTGCNCommon", "ToGCN", "CONVGCN", "STG2Seq",
            "DMVSTNet", "ATDM", "GMAN", "GTS", "STDN", "HGCN", "STSGCN", "STAGGCN", "STNN", "ResLSTM", "DGCN",
            "MultiSTGCnet", "STMGAT", "CRANN", "STTN", "CONVGCNCommon", "DSAN", "DKFN", "CCRNN", "MultiSTGCnetCommon",
            "GEML", "FNN", "GSNet", "CSTN", "D2STGNN", "STID","STGODE", "STNorm", "DMSTGCN", "ESG", "SSTBAN", "STTSNet",
            "FOGS", "RGSL", "DSTAGNN", "STPGCN", "HIEST", "STAEformer", "TESTAM", "MultiSPANS", "SimST", "TimeMixer",
            "STSSL", "MegaCRN", "HierAttnLstm"
        ],
        "allowed_dataset": [
            "METR_LA", "PEMS_BAY", "PEMSD3", "PEMSD4", "PEMSD7", "PEMSD8", "PEMSD7(M)",
            "LOOP_SEATTLE", "LOS_LOOP", "LOS_LOOP_SMALL", "Q_TRAFFIC", "SZ_TAXI",
            "NYCBike20140409", "NYCBike20160708", "NYCBike20160809", "NYCTaxi20140112",
            "NYCTaxi20150103", "NYCTaxi20160102", "TAXIBJ", "T_DRIVE20150206",
            "BEIJING_SUBWAY_10MIN", "BEIJING_SUBWAY_15MIN", "BEIJING_SUBWAY_30MIN",
            "ROTTERDAM", "HZMETRO", "SHMETRO", "M_DENSE", "PORTO", "NYCTAXI_DYNA",
            "NYCTAXI_OD", "NYCTAXI_GRID", "T_DRIVE_SMALL", "NYCBIKE", "AUSTINRIDE",
            "BIKEDC", "BIKECHI", "NYC_RISK", "CHICAGO_RISK", "NYCTAXI20140112_FLOW"
        ],

        "HierAttnLstm": {
            "dataset_class": "TrafficStatePointDataset",
            "executor": "TrafficStateExecutor",
            "evaluator": "TrafficStateEvaluator"
        },

        "STSSL": {
            "dataset_class": "ACFMDataset",
            "executor": "STSSLExecutor",
            "evaluator": "TrafficStateEvaluator"
        },
        "MegaCRN": {
            "dataset_class": "TrafficStatePointDataset",
            "executor": "MegaCRNExecutor",
            "evaluator": "TrafficStateEvaluator"
        },
        "TimeMixer": {
            "dataset_class": "TrafficStatePointDataset",
            "executor": "TimeMixerExecutor",
            "evaluator": "TrafficStateEvaluator"
        },
        "SimST": {
            "dataset_class": "SimSTDataset",
            "executor": "TrafficStateExecutor",
            "evaluator": "TrafficStateEvaluator"
        },
        "HIEST": {
            "dataset_class": "HIESTDataset",
            "executor": "TrafficStateExecutor",
            "evaluator": "TrafficStateEvaluator"
        },
        "TESTAM": {
            "dataset_class": "TrafficStatePointDataset",
            "executor": "TESTAMExecutor",
            "evaluator": "TrafficStateEvaluator"
        },
        "STAEformer": {
            "dataset_class": "STAEformerDataset",
            "executor": "TrafficStateExecutor",
            "evaluator": "TrafficStateEvaluator"
        },
        "MultiSPANS": {
            "dataset_class": "TrafficStatePointDataset",
            "executor": "TrafficStateExecutor",
            "evaluator": "TrafficStateEvaluator"
        },
        "STPGCN": {
            "dataset_class": "STPGCNDataset",
            "executor": "TrafficStateExecutor",
            "evaluator": "TrafficStateEvaluator"
        },
        "DSTAGNN": {
            "dataset_class": "DSTAGNNDataset",
            "executor": "TrafficStateExecutor",
            "evaluator": "TrafficStateEvaluator"
        },
        "RGSL": {
            "dataset_class": "TrafficStatePointDataset",
            "executor": "TrafficStateExecutor",
            "evaluator": "TrafficStateEvaluator"
        },
        "FOGS": {
            "dataset_class": "FOGSDataset",
            "executor": "FOGSExecutor",
            "evaluator": "TrafficStateEvaluator"
        },
        "STTSNet": {
            "dataset_class": "STTSNetDataset",
            "executor": "STTSNetExecutor",
            "evaluator": "TrafficStateEvaluator"
        },
        "SSTBAN": {
            "dataset_class": "SSTBANDataset",
            "executor": "SSTBANExecutor",
            "evaluator": "TrafficStateEvaluator"
        },
        "ESG": {
            "dataset_class": "ESGDataset",
            "executor": "TrafficStateExecutor",
            "evaluator": "TrafficStateEvaluator"
        },
        "DMSTGCN": {
            "dataset_class": "DMSTGCNDataset",
            "executor": "TrafficStateExecutor",
            "evaluator": "TrafficStateEvaluator"
        },
        "STGODE": {
            "dataset_class": "STGODEDataset",
            "executor": "TrafficStateExecutor",
            "evaluator": "TrafficStateEvaluator"
        },
        "STNorm": {
            "dataset_class": "TrafficStatePointDataset",
            "executor": "TrafficStateExecutor",
            "evaluator": "TrafficStateEvaluator"
        },
        "DCRNN": {
            "dataset_class": "TrafficStatePointDataset",
            "executor": "DCRNNExecutor",
            "evaluator": "TrafficStateEvaluator"
        },
        "STGCN": {
            "dataset_class": "TrafficStatePointDataset",
            "executor": "TrafficStateExecutor",
            "evaluator": "TrafficStateEvaluator"
        },
        "GWNET": {
            "dataset_class": "TrafficStatePointDataset",
            "executor": "TrafficStateExecutor",
            "evaluator": "TrafficStateEvaluator"
        },
        "AGCRN": {
            "dataset_class": "TrafficStatePointDataset",
            "executor": "TrafficStateExecutor",
            "evaluator": "TrafficStateEvaluator"
        },
        "TGCLSTM": {
            "dataset_class": "TGCLSTMDataset",
            "executor": "TrafficStateExecutor",
            "evaluator": "TrafficStateEvaluator"
        },
        "TGCN": {
            "dataset_class": "TrafficStatePointDataset",
            "executor": "TrafficStateExecutor",
            "evaluator": "TrafficStateEvaluator"
        },
        "TemplateTSP": {
            "dataset_class": "TrafficStatePointDataset",
            "executor": "TrafficStateExecutor",
            "evaluator": "TrafficStateEvaluator"
        },
        "ASTGCN": {
            "dataset_class": "ASTGCNDataset",
            "executor": "TrafficStateExecutor",
            "evaluator": "TrafficStateEvaluator"
        },
        "MSTGCN": {
            "dataset_class": "ASTGCNDataset",
            "executor": "TrafficStateExecutor",
            "evaluator": "TrafficStateEvaluator"
        },
        "MTGNN": {
            "dataset_class": "TrafficStatePointDataset",
            "executor": "MTGNNExecutor",
            "evaluator": "TrafficStateEvaluator"
        },
        "ACFM": {
            "dataset_class": "ACFMDataset",
            "executor": "TrafficStateExecutor",
            "evaluator": "TrafficStateEvaluator"
        },
        "STResNet": {
            "dataset_class": "STResNetDataset",
            "executor": "TrafficStateExecutor",
            "evaluator": "TrafficStateEvaluator"
        },
        "RNN": {
            "dataset_class": "TrafficStatePointDataset",
            "executor": "TrafficStateExecutor",
            "evaluator": "TrafficStateEvaluator"
        },
        "LSTM": {
            "dataset_class": "TrafficStatePointDataset",
            "executor": "TrafficStateExecutor",
            "evaluator": "TrafficStateEvaluator"
        },
        "GRU": {
            "dataset_class": "TrafficStatePointDataset",
            "executor": "TrafficStateExecutor",
            "evaluator": "TrafficStateEvaluator"
        },
        "AutoEncoder": {
            "dataset_class": "TrafficStatePointDataset",
            "executor": "TrafficStateExecutor",
            "evaluator": "TrafficStateEvaluator"
        },
        "Seq2Seq": {
            "dataset_class": "TrafficStatePointDataset",
            "executor": "TrafficStateExecutor",
            "evaluator": "TrafficStateEvaluator"
        },
        "STResNetCommon": {
            "dataset_class": "TrafficStateGridDataset",
            "executor": "TrafficStateExecutor",
            "evaluator": "TrafficStateEvaluator"
        },
        "ACFMCommon": {
            "dataset_class": "TrafficStateGridDataset",
            "executor": "TrafficStateExecutor",
            "evaluator": "TrafficStateEvaluator"
        },
        "ASTGCNCommon": {
            "dataset_class": "TrafficStatePointDataset",
            "executor": "TrafficStateExecutor",
            "evaluator": "TrafficStateEvaluator"
        },
        "MSTGCNCommon": {
            "dataset_class": "TrafficStatePointDataset",
            "executor": "TrafficStateExecutor",
            "evaluator": "TrafficStateEvaluator"
        },
        "ToGCN": {
            "dataset_class": "TrafficStatePointDataset",
            "executor": "TrafficStateExecutor",
            "evaluator": "TrafficStateEvaluator"
        },
        "CONVGCN": {
            "dataset_class": "CONVGCNDataset",
            "executor": "TrafficStateExecutor",
            "evaluator": "TrafficStateEvaluator"
        },
        "STG2Seq": {
            "dataset_class": "STG2SeqDataset",
            "executor": "TrafficStateExecutor",
            "evaluator": "TrafficStateEvaluator"
        },
        "DMVSTNet": {
            "dataset_class": "DMVSTNetDataset",
            "executor": "TrafficStateExecutor",
            "evaluator": "TrafficStateEvaluator"
        },
        "ATDM": {
            "dataset_class": "TrafficStatePointDataset",
            "executor": "TrafficStateExecutor",
            "evaluator": "TrafficStateEvaluator"
        },
        "GMAN": {
            "dataset_class": "GMANDataset",
            "executor": "TrafficStateExecutor",
            "evaluator": "TrafficStateEvaluator"
        },
        "GTS": {
            "dataset_class": "GTSDataset",
            "executor": "DCRNNExecutor",
            "evaluator": "TrafficStateEvaluator"
        },
        "STDN": {
            "dataset_class": "STDNDataset",
            "executor": "TrafficStateExecutor",
            "evaluator": "TrafficStateEvaluator"
        },
        "HGCN": {
            "dataset_class": "HGCNDataset",
            "executor": "TrafficStateExecutor",
            "evaluator": "TrafficStateEvaluator"
        },
        "STSGCN": {
            "dataset_class": "TrafficStatePointDataset",
            "executor": "TrafficStateExecutor",
            "evaluator": "TrafficStateEvaluator"
        },
        "STAGGCN": {
            "dataset_class": "STAGGCNDataset",
            "executor": "TrafficStateExecutor",
            "evaluator": "TrafficStateEvaluator"
        },
        "STNN": {
            "dataset_class": "TrafficStatePointDataset",
            "executor": "TrafficStateExecutor",
            "evaluator": "TrafficStateEvaluator"
        },
        "ResLSTM": {
            "dataset_class": "RESLSTMDataset",
            "executor": "TrafficStateExecutor",
            "evaluator": "TrafficStateEvaluator"
        },
        "DGCN": {
            "dataset_class": "ASTGCNDataset",
            "executor": "TrafficStateExecutor",
            "evaluator": "TrafficStateEvaluator"
        },
        "MultiSTGCnet": {
            "dataset_class": "MultiSTGCnetDataset",
            "executor": "TrafficStateExecutor",
            "evaluator": "TrafficStateEvaluator"
        },
        "STMGAT": {
            "dataset_class": "TrafficStatePointDataset",
            "executor": "TrafficStateExecutor",
            "evaluator": "TrafficStateEvaluator"
        },
        "CRANN": {
            "dataset_class": "CRANNDataset",
            "executor": "TrafficStateExecutor",
            "evaluator": "TrafficStateEvaluator"
        },
        "DKFN": {
            "dataset_class": "TrafficStatePointDataset",
            "executor": "TrafficStateExecutor",
            "evaluator": "TrafficStateEvaluator"
        },
        "STTN": {
            "dataset_class": "TrafficStatePointDataset",
            "executor": "TrafficStateExecutor",
            "evaluator": "TrafficStateEvaluator"
        },
        "CONVGCNCommon": {
            "dataset_class": "TrafficStatePointDataset",
            "executor": "TrafficStateExecutor",
            "evaluator": "TrafficStateEvaluator"
        },
        "DSAN": {
            "dataset_class": "TrafficStateGridDataset",
            "executor": "TrafficStateExecutor",
            "evaluator": "TrafficStateEvaluator"
        },
        "CCRNN": {
            "dataset_class": "CCRNNDataset",
            "executor": "DCRNNExecutor",
            "evaluator": "TrafficStateEvaluator"
        },
        "MultiSTGCnetCommon": {
            "dataset_class": "TrafficStatePointDataset",
            "executor": "TrafficStateExecutor",
            "evaluator": "TrafficStateEvaluator"
        },
        "GEML": {
            "dataset_class": "TrafficStateOdDataset",
            "executor": "GEMLExecutor",
            "evaluator": "TrafficStateEvaluator"
        },
        "FNN": {
            "dataset_class": "TrafficStatePointDataset",
            "executor": "TrafficStateExecutor",
            "evaluator": "TrafficStateEvaluator"
        },
        "GSNet": {
            "dataset_class": "GSNetDataset",
            "executor": "TrafficStateExecutor",
            "evaluator": "TrafficAccidentEvaluator"
        },
        "CSTN": {
            "dataset_class": "CSTNDataset",
            "executor": "TrafficStateExecutor",
            "evaluator": "TrafficStateEvaluator"
        },
        "D2STGNN": {
            "dataset_class": "TrafficStatePointDataset",
            "executor": "DCRNNExecutor",
            "evaluator": "TrafficStateEvaluator"
        },
        "STID": {
            "dataset_class": "TrafficStatePointDataset",
            "executor": "TrafficStateExecutor",
            "evaluator": "TrafficStateEvaluator"
        }
    },
    "eta": {
        "allowed_model": [
            "DeepTTE", "TTPNet"
        ],
        "allowed_dataset": [
            "Chengdu_Taxi_Sample1", "Beijing_Taxi_Sample"
        ],
        "DeepTTE": {
            "dataset_class": "ETADataset",
            "executor": "ETAExecutor",
            "evaluator": "ETAEvaluator",
            "eta_encoder": "DeeptteEncoder"
        },
        "TTPNet": {
            "dataset_class": "ETADataset",
            "executor": "ETAExecutor",
            "evaluator": "ETAEvaluator",
            "eta_encoder": "TtpnetEncoder"
        }
    },
    "map_matching": {
        "allowed_model": [
            "STMatching", "IVMM", "HMMM"
        ],
        "allowed_dataset": [
            "global", "Seattle"
        ],
        "STMatching": {
            "dataset_class": "MapMatchingDataset",
            "executor": "MapMatchingExecutor",
            "evaluator": "MapMatchingEvaluator"
        },
        "IVMM": {
            "dataset_class": "MapMatchingDataset",
            "executor": "MapMatchingExecutor",
            "evaluator": "MapMatchingEvaluator"
        },
        "HMMM": {
            "dataset_class": "MapMatchingDataset",
            "executor": "MapMatchingExecutor",
            "evaluator": "MapMatchingEvaluator"
        }
    },
    "road_representation": {
        "allowed_model": [
            "ChebConv", "LINE", "GAT", "Node2Vec", "DeepWalk", "GeomGCN"
        ],
        "allowed_dataset": [
            "BJ_roadmap"
        ],
        "ChebConv": {
            "dataset_class": "ChebConvDataset",
            "executor": "ChebConvExecutor",
            "evaluator": "RoadRepresentationEvaluator"
        },
        "LINE": {
            "dataset_class": "LINEDataset",
            "executor": "LINEExecutor",
            "evaluator": "RoadRepresentationEvaluator"
        },
        "GeomGCN": {
            "dataset_class": "ChebConvDataset",
            "executor": "ChebConvExecutor",
            "evaluator": "RoadRepresentationEvaluator"
        },
        "GAT": {
            "dataset_class": "ChebConvDataset",
            "executor": "ChebConvExecutor",
            "evaluator": "RoadRepresentationEvaluator"
        },
        "Node2Vec": {
            "dataset_class": "RoadNetWorkDataset",
            "executor": "GensimExecutor",
            "evaluator": "RoadRepresentationEvaluator"
        },
        "DeepWalk": {
            "dataset_class": "RoadNetWorkDataset",
            "executor": "GensimExecutor",
            "evaluator": "RoadRepresentationEvaluator"
        }
    }
}
