{
    "gpu": true,
    "gpu_id": 0,
    "max_epoch": 2000,
    "train_loss": "none",
    "epoch": 0,
    "learner": "asgd",
    "learning_rate": 0.01,
    "weight_decay": 0,
    "lr_epsilon": 1e-8,
    "lr_beta1": 0.9,
    "lr_beta2": 0.999,
    "lr_alpha": 0.99,
    "lr_momentum": 0,
    "lr_decay": false,
    "lr_scheduler": "multisteplr",
    "lr_decay_ratio": 0.1,
    "steps": [5, 20, 40, 70],
    "step_size": 10,
    "lr_T_max": 30,
    "lr_eta_min": 0,
    "lr_patience": 10,
    "lr_threshold": 1e-4,
    "clip_grad_norm": false,
    "max_grad_norm": 1.0,
    "use_early_stop": false,
    "patience": 50,
    "log_level": "INFO",
    "log_every": 1,
    "saved_model": true,
    "load_best_epoch": true,
    "hyper_tune": false
}
